<application>
  <component name="DesignSurface">
    <option name="filePathToZoomLevelMap">
      <map>
        <entry key="../../../../../../../layout/compose-model-1600520777028.xml" value="1.0" />
        <entry key="../../../../../../../layout/compose-model-1600521689291.xml" value="1.0" />
        <entry key="../../../../../../../layout/compose-model-1600593365099.xml" value="1.0" />
        <entry key="../../../../../../../layout/compose-model-1600593542275.xml" value="1.0" />
        <entry key="../../../../../../../layout/compose-model-1600593560403.xml" value="1.0" />
        <entry key="../../../../../../../layout/compose-model-1600593624401.xml" value="0.8770053475935828" />
        <entry key="../../../../../../../layout/compose-model-1600594445126.xml" value="0.3296943231441048" />
        <entry key="../../../../../../../layout/compose-model-1600594906058.xml" value="1.0" />
        <entry key="../../../../../../../layout/compose-model-1600595766036.xml" value="0.3037037037037037" />
        <entry key="../../../../../../../layout/compose-model-1600595981230.xml" value="0.3037037037037037" />
        <entry key="../../../../../../../layout/compose-model-1600596231045.xml" value="0.3037037037037037" />
        <entry key="../../../../../../../layout/compose-model-1600596257820.xml" value="0.5" />
        <entry key="../../../../../../../layout/compose-model-1600596268473.xml" value="0.2579162410623085" />
        <entry key="../../../../../../../layout/compose-model-1600596341107.xml" value="0.2579162410623085" />
        <entry key="../../../../../../../layout/compose-model-1600596362877.xml" value="0.2619294605809129" />
        <entry key="../../../../../../../layout/compose-model-1600596409595.xml" value="1.0" />
        <entry key="../../../../../../../layout/compose-model-1600596773603.xml" value="0.3037037037037037" />
        <entry key="../../../../../../../layout/compose-model-1600597258006.xml" value="0.3037037037037037" />
        <entry key="../../../../../../../layout/compose-model-1600597985916.xml" value="1.0" />
        <entry key="../../../../../../../layout/compose-model-1600598044291.xml" value="1.0" />
        <entry key="../../../../../../../layout/compose-model-1600598055054.xml" value="0.5" />
        <entry key="../../../../../../../layout/compose-model-1600598058395.xml" value="0.5" />
        <entry key="../../../../../../../layout/compose-model-1600598064658.xml" value="1.0" />
        <entry key="../../../../../../../layout/compose-model-1600598171687.xml" value="1.0" />
        <entry key="../../../../../../../layout/compose-model-1600598266788.xml" value="1.0" />
      </map>
    </option>
  </component>
</application>