<application>
  <component name="FileTypeManager" version="17">
    <ignoreFiles list="*.hprof;*.pyc;*.pyo;*.rbc;*~;.DS_Store;.git;.hg;.svn;CVS;RCS;SCCS;__pycache__;_svn;rcs;" />
    <extensionMap>
      <mapping ext="webp" type="Image" />
      <mapping pattern="DealsData" type="Kotlin" />
      <mapping ext="main.kts" type="Kotlin" />
      <mapping ext="mp4" type="Native" />
      <mapping ext="mp3" type="Native" />
      <mapping ext="sqlite" type="Native" />
      <mapping pattern="user_login.json" type="PLAIN_TEXT" />
      <mapping pattern="custom_button" type="PLAIN_TEXT" />
      <mapping pattern="RecyclerViewAdapter.kt" type="PLAIN_TEXT" />
      <mapping pattern="booleans" type="PLAIN_TEXT" />
      <mapping pattern="picture_cwac2" type="PLAIN_TEXT" />
      <mapping pattern="UserRepository.class" type="PLAIN_TEXT" />
      <mapping ext="kotlin" type="PLAIN_TEXT" />
      <mapping pattern="btn_transparent" type="XML" />
    </extensionMap>
  </component>
</application>