<keymap version="1" name="Mac OS X 10.5+ copy" parent="Mac OS X 10.5+">
  <action id="ActivateAndroidToolWindow">
    <keyboard-shortcut first-keystroke="meta 2" />
  </action>
  <action id="ActivateBuildToolWindow">
    <keyboard-shortcut first-keystroke="meta 3" />
  </action>
  <action id="ActivateBuildVariantsToolWindow">
    <keyboard-shortcut first-keystroke="meta 8" />
  </action>
  <action id="ActivateEmulatorToolWindow">
    <keyboard-shortcut first-keystroke="shift meta 2" />
  </action>
  <action id="ActivateFavoritesToolWindow">
    <keyboard-shortcut first-keystroke="meta 7" />
  </action>
  <action id="ActivateFindToolWindow" />
  <action id="ActivateStructureToolWindow" />
  <action id="ActivateTerminalToolWindow">
    <keyboard-shortcut first-keystroke="alt f12" />
    <keyboard-shortcut first-keystroke="meta 2" />
  </action>
  <action id="Android.CleanRun">
    <keyboard-shortcut first-keystroke="ctrl meta r" />
    <keyboard-shortcut first-keystroke="meta alt x" />
  </action>
  <action id="Android.HotswapChanges">
    <keyboard-shortcut first-keystroke="meta f10" />
    <keyboard-shortcut first-keystroke="alt a" />
  </action>
  <action id="Android.SyncProject">
    <keyboard-shortcut first-keystroke="shift meta x" />
  </action>
  <action id="AndroidConnectDebuggerAction">
    <keyboard-shortcut first-keystroke="alt d" />
  </action>
  <action id="CommentByLineComment">
    <keyboard-shortcut first-keystroke="meta slash" />
    <keyboard-shortcut first-keystroke="meta divide" />
    <keyboard-shortcut first-keystroke="meta alt 7" />
  </action>
  <action id="Debug" />
  <action id="DuplicatesForm.SendToRight" />
  <action id="FileChooser.GotoProject" />
  <action id="Kotlin.NewFile">
    <keyboard-shortcut first-keystroke="shift ctrl n" />
  </action>
  <action id="LoadUnloadModules">
    <keyboard-shortcut first-keystroke="shift meta l" />
  </action>
  <action id="Macro.Format on Save">
    <keyboard-shortcut first-keystroke="meta s" />
  </action>
  <action id="MaterialDesignIconGenerateAction" />
  <action id="NewDir">
    <keyboard-shortcut first-keystroke="shift meta p" />
  </action>
  <action id="RebuildGradleProject">
    <keyboard-shortcut first-keystroke="alt c" />
  </action>
  <action id="RenameElement">
    <keyboard-shortcut first-keystroke="shift f6" />
    <keyboard-shortcut first-keystroke="shift alt z" />
  </action>
  <action id="ResizeToolWindowDown">
    <keyboard-shortcut first-keystroke="shift meta down" />
    <keyboard-shortcut first-keystroke="ctrl alt down" />
  </action>
  <action id="ResizeToolWindowUp">
    <keyboard-shortcut first-keystroke="shift meta up" />
    <keyboard-shortcut first-keystroke="ctrl alt up" />
  </action>
  <action id="Resume">
    <keyboard-shortcut first-keystroke="meta alt r" />
    <keyboard-shortcut first-keystroke="f9" />
  </action>
  <action id="Run">
    <keyboard-shortcut first-keystroke="ctrl r" />
    <keyboard-shortcut first-keystroke="alt x" />
  </action>
  <action id="SaveAll" />
  <action id="SelectInProjectView">
    <keyboard-shortcut first-keystroke="alt o" />
  </action>
  <action id="SplitVertically">
    <keyboard-shortcut first-keystroke="ctrl meta right" />
  </action>
  <action id="Stop">
    <keyboard-shortcut first-keystroke="meta f2" />
    <keyboard-shortcut first-keystroke="alt z" />
  </action>
  <action id="SwitchApply">
    <keyboard-shortcut first-keystroke="ctrl alt enter" />
  </action>
  <action id="SwitchDown">
    <keyboard-shortcut first-keystroke="ctrl alt down" />
  </action>
  <action id="SwitchLeft">
    <keyboard-shortcut first-keystroke="ctrl alt left" />
  </action>
  <action id="SwitchRight">
    <keyboard-shortcut first-keystroke="ctrl alt right" />
  </action>
  <action id="SwitchUp">
    <keyboard-shortcut first-keystroke="ctrl alt up" />
  </action>
  <action id="ToggleDistractionFreeMode">
    <keyboard-shortcut first-keystroke="shift alt d" />
  </action>
  <action id="Tool_External Tools_Sublime">
    <keyboard-shortcut first-keystroke="ctrl alt p" />
  </action>
  <action id="ViewStatusBar">
    <keyboard-shortcut first-keystroke="ctrl alt comma" />
    <keyboard-shortcut first-keystroke="meta alt semicolon" />
  </action>
  <action id="ViewToolBar">
    <keyboard-shortcut first-keystroke="ctrl alt slash" />
    <keyboard-shortcut first-keystroke="meta alt back_slash" />
  </action>
  <action id="ViewToolButtons">
    <keyboard-shortcut first-keystroke="ctrl alt period" />
    <keyboard-shortcut first-keystroke="meta alt quote" />
  </action>
  <action id="android.deploy.ApplyChanges">
    <keyboard-shortcut first-keystroke="ctrl meta r" />
  </action>
  <action id="android.deploy.CodeSwap">
    <keyboard-shortcut first-keystroke="shift ctrl meta r" />
  </action>
</keymap>